2010_a,zip,2011_a,2012_a,2013_a,2010_s,2011_s,2012_s,2013_s,2010_r,2011_r,2012_r,2013_r,total_a,total_s,total_r
6813.0,10001.0,6201.0,5867.0,6841,354.0,391.0,395.0,749.0,0.0519594892118,0.0630543460732,0.0673257201295,0.109486917117,25722.0,1889.0,0.0734390793873
12727.0,10002.0,11372.0,10834.0,11328,650.0,586.0,633.0,661.0,0.0510725229826,0.0515300738656,0.0584271737124,0.0583509887006,46261.0,2530.0,0.0546896954238
11868.0,10003.0,11191.0,10703.0,11286,770.0,733.0,672.0,820.0,0.0648803505224,0.065499061746,0.0627861347286,0.0726563884459,45048.0,2995.0,0.0664846386077
1323.0,10004.0,1344.0,1488.0,1541,96.0,91.0,97.0,173.0,0.0725623582766,0.0677083333333,0.065188172043,0.112264763141,5696.0,457.0,0.080231741573
1224.0,10005.0,1400.0,1693.0,1832,105.0,170.0,222.0,355.0,0.0857843137255,0.121428571429,0.131128174838,0.193777292576,6149.0,852.0,0.138559115303
838.0,10006.0,1024.0,740.0,781,121.0,174.0,115.0,198.0,0.144391408115,0.169921875,0.155405405405,0.253521126761,3383.0,608.0,0.179722140112
2543.0,10007.0,2373.0,2182.0,2451,285.0,304.0,276.0,324.0,0.112072355486,0.12810788032,0.126489459212,0.132190942472,9549.0,1189.0,0.12451565609
10078.0,10009.0,8971.0,9437.0,9645,592.0,508.0,597.0,699.0,0.058741813852,0.0566269089288,0.0632616297552,0.0724727838258,38131.0,2396.0,0.0628360126931
4620.0,10010.0,4412.0,4463.0,4850,294.0,292.0,372.0,509.0,0.0636363636364,0.0661831368994,0.0833520053775,0.104948453608,18345.0,1467.0,0.0799672935405
10224.0,10011.0,9508.0,8809.0,10012,713.0,651.0,760.0,967.0,0.0697378716745,0.0684686579722,0.0862754001589,0.0965840990811,38553.0,3091.0,0.0801753430343
6904.0,10012.0,6406.0,6265.0,7117,405.0,328.0,315.0,500.0,0.0586616454229,0.0512019981268,0.0502793296089,0.0702543206407,26692.0,1548.0,0.0579949048404
9138.0,10013.0,8665.0,7845.0,8674,558.0,588.0,614.0,854.0,0.0610636900854,0.067859203693,0.0782664117272,0.0984551533318,34322.0,2614.0,0.0761610628751
8736.0,10014.0,8086.0,7477.0,7870,507.0,517.0,586.0,633.0,0.0580357142857,0.063937670047,0.0783736792831,0.0804320203304,32169.0,2243.0,0.069725512139
8563.0,10016.0,8140.0,8370.0,9638,709.0,646.0,678.0,890.0,0.0827980847834,0.0793611793612,0.0810035842294,0.0923428097116,34711.0,2923.0,0.0842096165481
4091.0,10017.0,4708.0,4297.0,4417,264.0,226.0,303.0,335.0,0.0645318992911,0.0480033984707,0.0705143123109,0.0758433325787,17513.0,1128.0,0.0644092959516
3409.0,10018.0,3438.0,3707.0,4255,197.0,268.0,216.0,235.0,0.0577882076855,0.0779522978476,0.0582681413542,0.0552291421857,14809.0,916.0,0.061854277804
10456.0,10019.0,10229.0,10953.0,11056,567.0,697.0,914.0,848.0,0.0542272379495,0.0681396030893,0.0834474573176,0.0767004341534,42694.0,3026.0,0.0708764697616
253.0,10020.0,242.0,308.0,310,4.0,6.0,4.0,5.0,0.0158102766798,0.0247933884298,0.012987012987,0.0161290322581,1113.0,19.0,0.0170709793351
5757.0,10021.0,5634.0,5026.0,5181,427.0,467.0,476.0,601.0,0.0741705749522,0.082889598864,0.0947075208914,0.116000772052,21598.0,1971.0,0.0912584498565
7210.0,10022.0,7112.0,6716.0,7169,522.0,549.0,449.0,606.0,0.072399445215,0.0771934758155,0.0668552709946,0.0845306179383,28207.0,2126.0,0.0753713617187
7866.0,10023.0,7459.0,7152.0,8259,602.0,502.0,624.0,864.0,0.0765319094839,0.0673012468159,0.0872483221477,0.104613149292,30736.0,2592.0,0.0843310775638
8967.0,10024.0,8004.0,6813.0,7519,627.0,545.0,491.0,624.0,0.0699230511877,0.0680909545227,0.0720681050932,0.0829897592765,31303.0,2287.0,0.0730600900872
12678.0,10025.0,11874.0,11847.0,11841,912.0,783.0,764.0,828.0,0.0719356365357,0.0659423951491,0.0644889001435,0.0699265264758,48240.0,3287.0,0.0681384742952
6922.0,10026.0,7127.0,6618.0,6780,286.0,266.0,248.0,329.0,0.0413175382837,0.037322856742,0.0374735569659,0.0485250737463,27447.0,1129.0,0.041133821547
11257.0,10027.0,12424.0,11107.0,12192,539.0,459.0,506.0,571.0,0.0478813182908,0.0369446233097,0.0455568560367,0.0468339895013,46980.0,2075.0,0.0441677309493
6274.0,10028.0,6253.0,5078.0,5385,479.0,448.0,385.0,499.0,0.0763468281798,0.0716456101071,0.0758172508862,0.0926648096565,22990.0,1811.0,0.0787733797303
10013.0,10029.0,9747.0,9473.0,10079,522.0,436.0,445.0,524.0,0.0521322281035,0.0447317123217,0.0469756149055,0.0519892846513,39312.0,1927.0,0.0490181115181
6351.0,10030.0,6868.0,6385.0,7175,245.0,223.0,278.0,294.0,0.0385766021099,0.0324694234129,0.0435395458105,0.0409756097561,26779.0,1040.0,0.038836401658
19707.0,10031.0,18153.0,16304.0,16151,604.0,703.0,606.0,634.0,0.0306490079667,0.0387263813144,0.0371687929342,0.0392545353229,70315.0,2547.0,0.0362227120813
19148.0,10032.0,17522.0,15109.0,15049,636.0,635.0,646.0,550.0,0.0332149571757,0.0362401552334,0.042755973261,0.036547278889,66828.0,2467.0,0.0369156640929
13845.0,10033.0,12634.0,11469.0,12186,519.0,515.0,422.0,482.0,0.0374864572048,0.0407630204211,0.0367948382597,0.0395535860824,50134.0,1938.0,0.0386564008457
11553.0,10034.0,11790.0,11258.0,10472,514.0,477.0,365.0,409.0,0.0444906085,0.0404580152672,0.0324213892343,0.0390565317036,45073.0,1765.0,0.039158698112
6690.0,10035.0,6812.0,6570.0,6557,344.0,275.0,322.0,346.0,0.0514200298954,0.0403699354081,0.0490106544901,0.052768034162,26629.0,1287.0,0.0483307672087
7632.0,10036.0,7240.0,8810.0,8236,434.0,430.0,461.0,610.0,0.0568658280922,0.0593922651934,0.0523269012486,0.074065080136,31918.0,1935.0,0.0606240992543
3888.0,10037.0,3593.0,2849.0,3202,172.0,171.0,107.0,138.0,0.0442386831276,0.047592541052,0.037557037557,0.0430980637102,13532.0,588.0,0.0434525569022
3144.0,10038.0,3162.0,3276.0,3442,419.0,526.0,616.0,631.0,0.133269720102,0.166350411132,0.188034188034,0.183323649041,13024.0,2192.0,0.168304668305
3958.0,10039.0,4512.0,4246.0,4209,164.0,254.0,199.0,163.0,0.0414350682163,0.0562943262411,0.0468676401319,0.0387265383702,16925.0,780.0,0.0460856720827
16096.0,10040.0,15767.0,12906.0,13785,472.0,533.0,377.0,420.0,0.029324055666,0.0338047821399,0.0292112195878,0.0304678998912,58554.0,1802.0,0.0307750111009
319.0,10044.0,177.0,172.0,228,17.0,19.0,26.0,31.0,0.0532915360502,0.107344632768,0.151162790698,0.135964912281,896.0,93.0,0.103794642857
42.0,10048.0,52.0,51.0,32,6.0,2.0,3.0,3.0,0.142857142857,0.0384615384615,0.0588235294118,0.09375,177.0,14.0,0.0790960451977
227.0,10069.0,183.0,264.0,302,18.0,7.0,12.0,32.0,0.079295154185,0.0382513661202,0.0454545454545,0.105960264901,976.0,69.0,0.0706967213115
2.0,10119.0,1.0,4.0,65,0.0,0.0,0.0,2.0,0.0,0.0,0.0,0.0307692307692,72.0,2.0,0.0277777777778
6583.0,10128.0,6194.0,5956.0,6213,607.0,430.0,471.0,514.0,0.0922072003646,0.0694220213109,0.079079919409,0.0827297601803,24946.0,2022.0,0.0810550789706
18.0,10162.0,13.0,16.0,17,6.0,1.0,1.0,2.0,0.333333333333,0.0769230769231,0.0625,0.117647058824,64.0,10.0,0.15625
331.0,10280.0,323.0,366.0,461,58.0,28.0,49.0,58.0,0.175226586103,0.0866873065015,0.133879781421,0.125813449024,1481.0,193.0,0.13031735314
230.0,10282.0,144.0,174.0,178,33.0,8.0,12.0,10.0,0.14347826087,0.0555555555556,0.0689655172414,0.0561797752809,726.0,63.0,0.0867768595041
9299.0,10301.0,9289.0,8082.0,7871,443.0,462.0,373.0,442.0,0.0476395311324,0.0497362471741,0.0461519425885,0.0561555075594,34541.0,1720.0,0.0497958947338
4914.0,10302.0,4814.0,3826.0,3371,336.0,392.0,251.0,239.0,0.0683760683761,0.0814291649356,0.0656037637219,0.0708988430733,16925.0,1218.0,0.071964549483
4708.0,10303.0,4739.0,4224.0,4361,273.0,353.0,260.0,256.0,0.0579864061172,0.0744882886685,0.061553030303,0.0587021325384,18032.0,1142.0,0.0633318544809
8610.0,10304.0,8685.0,7410.0,7259,430.0,547.0,398.0,367.0,0.0499419279907,0.0629821531376,0.0537112010796,0.0505579280893,31964.0,1742.0,0.0544988111626
7160.0,10305.0,7418.0,6784.0,6630,482.0,590.0,432.0,367.0,0.0673184357542,0.0795362631437,0.063679245283,0.0553544494721,27992.0,1871.0,0.0668405258645
10833.0,10306.0,10580.0,9920.0,10270,505.0,706.0,570.0,518.0,0.046616818979,0.0667296786389,0.0574596774194,0.0504381694255,41603.0,2299.0,0.0552604379492
2385.0,10307.0,1900.0,1834.0,1682,119.0,92.0,70.0,67.0,0.0498951781971,0.0484210526316,0.0381679389313,0.0398335315101,7801.0,348.0,0.0446096654275
4640.0,10308.0,4478.0,3968.0,3958,203.0,176.0,147.0,126.0,0.04375,0.0393032603841,0.0370463709677,0.0318342597271,17044.0,652.0,0.0382539310021
5368.0,10309.0,5742.0,4448.0,4598,141.0,143.0,122.0,103.0,0.0262667660209,0.0249042145594,0.027428057554,0.0224010439321,20156.0,509.0,0.0252530263941
5499.0,10310.0,5414.0,4322.0,3989,335.0,398.0,268.0,229.0,0.0609201673031,0.0735131141485,0.0620083294771,0.057407871647,19224.0,1230.0,0.0639825218477
9751.0,10312.0,10177.0,8666.0,7893,313.0,324.0,257.0,233.0,0.0320992718696,0.0318364940552,0.0296561273944,0.0295198276954,36487.0,1127.0,0.0308877134322
12780.0,10314.0,14485.0,11887.0,11698,649.0,634.0,423.0,455.0,0.0507824726135,0.0437694166379,0.0355850929587,0.0388955376988,50850.0,2161.0,0.0424975417896
9412.0,10451.0,9270.0,8047.0,8264,349.0,280.0,253.0,287.0,0.0370803229919,0.0302049622438,0.0314402883062,0.0347289448209,34993.0,1169.0,0.0334066813363
20601.0,10452.0,19935.0,19094.0,19211,698.0,816.0,731.0,725.0,0.0338818503956,0.0409330323552,0.0382842777836,0.0377387954818,78841.0,2970.0,0.037670755064
24119.0,10453.0,21208.0,18060.0,19568,892.0,864.0,741.0,822.0,0.0369832911812,0.0407393436439,0.0410299003322,0.0420073589534,82955.0,3319.0,0.0400096437828
6130.0,10454.0,6017.0,5476.0,5738,235.0,241.0,245.0,268.0,0.0383360522023,0.0400531826492,0.0447406866326,0.046706169397,23361.0,989.0,0.0423355164591
8551.0,10455.0,7762.0,7072.0,7371,288.0,285.0,256.0,273.0,0.0336802713133,0.0367173408915,0.0361990950226,0.037037037037,30756.0,1102.0,0.035830407075
19346.0,10456.0,18892.0,17233.0,16001,774.0,849.0,767.0,603.0,0.0400082704435,0.0449396569977,0.0445076307085,0.0376851446785,71472.0,2993.0,0.0418765390642
23221.0,10457.0,20480.0,17809.0,18692,980.0,895.0,766.0,820.0,0.0422031781577,0.043701171875,0.0430119602448,0.0438690348812,80202.0,3461.0,0.0431535373183
24364.0,10458.0,24067.0,22196.0,21199,1047.0,956.0,828.0,1025.0,0.0429732392054,0.0397224415174,0.0373040187421,0.0483513373272,91826.0,3856.0,0.041992464008
12929.0,10459.0,11481.0,10656.0,9912,516.0,392.0,393.0,399.0,0.0399102792173,0.0341433673025,0.0368806306306,0.0402542372881,44978.0,1700.0,0.0377962559474
16440.0,10460.0,14580.0,13214.0,11659,699.0,641.0,552.0,459.0,0.0425182481752,0.0439643347051,0.0417738761919,0.0393687280213,55893.0,2351.0,0.0420625123003
9851.0,10461.0,10597.0,9870.0,9653,341.0,364.0,349.0,327.0,0.0346157750482,0.034349344154,0.0353596757852,0.0338754791257,39971.0,1381.0,0.0345500487854
14173.0,10462.0,14827.0,13768.0,12843,503.0,545.0,455.0,398.0,0.035490016228,0.0367572671478,0.033047646717,0.0309896441641,55611.0,1901.0,0.0341838844833
13552.0,10463.0,13527.0,11476.0,14435,537.0,503.0,396.0,557.0,0.0396251475797,0.0371848894803,0.0345067967933,0.0385867682716,52990.0,1993.0,0.0376108699755
1150.0,10464.0,1222.0,1068.0,2871,34.0,41.0,37.0,45.0,0.0295652173913,0.0335515548282,0.0346441947566,0.0156739811912,6311.0,157.0,0.0248771985422
6424.0,10465.0,5940.0,5717.0,5675,274.0,219.0,194.0,258.0,0.0426525529265,0.0368686868687,0.0339338814063,0.0454625550661,23756.0,945.0,0.0397794241455
14185.0,10466.0,14578.0,12234.0,12701,609.0,634.0,525.0,566.0,0.0429326753613,0.0434901906983,0.0429131927415,0.0445634202031,53698.0,2334.0,0.0434653059704
27026.0,10467.0,27403.0,25444.0,23684,1109.0,1204.0,1050.0,1032.0,0.0410345593133,0.0439367952414,0.0412670963685,0.0435737206553,103557.0,4395.0,0.0424403951447
22596.0,10468.0,20832.0,17745.0,19755,879.0,873.0,703.0,764.0,0.0389006903877,0.0419066820276,0.0396167934629,0.0386737534801,80928.0,3219.0,0.0397760972716
12821.0,10469.0,11802.0,10694.0,9899,577.0,597.0,543.0,479.0,0.045004289837,0.0505846466701,0.0507761361511,0.048388726134,45216.0,2196.0,0.0485668789809
3769.0,10470.0,3831.0,2950.0,3890,141.0,201.0,120.0,179.0,0.0374104537012,0.0524667188724,0.0406779661017,0.0460154241645,14440.0,641.0,0.0443905817175
2988.0,10471.0,3066.0,2575.0,2547,120.0,116.0,109.0,156.0,0.0401606425703,0.0378343118069,0.0423300970874,0.0612485276796,11176.0,501.0,0.0448282032928
16097.0,10472.0,16184.0,13817.0,13684,641.0,738.0,570.0,575.0,0.0398210846742,0.0456005931784,0.0412535282623,0.0420198772289,59782.0,2524.0,0.0422200662407
6631.0,10473.0,7196.0,6562.0,6369,240.0,233.0,232.0,281.0,0.0361936359523,0.0323790994997,0.0353550746724,0.0441199560371,26758.0,986.0,0.0368487928844
4976.0,10474.0,4395.0,4016.0,3418,173.0,134.0,105.0,106.0,0.0347668810289,0.0304891922639,0.0261454183267,0.0310122878877,16805.0,518.0,0.0308241594763
2297.0,10475.0,2310.0,2127.0,2044,123.0,118.0,133.0,97.0,0.0535481062255,0.0510822510823,0.0625293841091,0.0474559686888,8778.0,471.0,0.0536568694463
2114.0,11004.0,1988.0,2211.0,1665,128.0,126.0,90.0,92.0,0.0605487228004,0.0633802816901,0.0407055630936,0.0552552552553,7978.0,436.0,0.0546502882928
39.0,11005.0,53.0,32.0,28,2.0,0.0,1.0,2.0,0.0512820512821,0.0,0.03125,0.0714285714286,152.0,5.0,0.0328947368421
8939.0,11101.0,8402.0,8928.0,8794,297.0,385.0,543.0,515.0,0.0332251929746,0.0458224232326,0.0608198924731,0.0585626563566,35063.0,1740.0,0.0496249607849
5218.0,11102.0,5254.0,4698.0,4545,255.0,284.0,187.0,264.0,0.0488692985818,0.0540540540541,0.0398041719881,0.0580858085809,19715.0,990.0,0.0502155718996
6503.0,11103.0,6434.0,6358.0,5952,292.0,326.0,269.0,319.0,0.0449023527603,0.050668324526,0.0423089021705,0.0535954301075,25247.0,1206.0,0.0477680516497
4733.0,11104.0,4218.0,4357.0,4237,225.0,208.0,213.0,289.0,0.0475385590535,0.0493124703651,0.0488868487491,0.0682086381874,17545.0,935.0,0.0532915360502
5697.0,11105.0,6088.0,5408.0,5923,279.0,300.0,267.0,290.0,0.0489731437599,0.0492772667543,0.0493713017751,0.0489616748269,23116.0,1136.0,0.0491434504239
6286.0,11106.0,5939.0,5828.0,5630,275.0,315.0,514.0,294.0,0.043748011454,0.053039232194,0.0881949210707,0.0522202486679,23683.0,1398.0,0.0590296837394
9541.0,11201.0,9123.0,9620.0,9970,664.0,563.0,694.0,792.0,0.0695943821402,0.061712156089,0.0721413721414,0.0794383149448,38254.0,2713.0,0.0709206880326
18876.0,11203.0,18997.0,16293.0,16976,820.0,820.0,671.0,743.0,0.0434414070778,0.0431647102174,0.0411833302645,0.0437676720075,71142.0,3054.0,0.0429282280509
11234.0,11204.0,10993.0,10327.0,10545,479.0,352.0,363.0,406.0,0.0426384190849,0.0320203766033,0.0351505761596,0.0385016595543,43099.0,1600.0,0.0371238311794
7070.0,11205.0,6488.0,6493.0,7088,292.0,321.0,315.0,377.0,0.0413012729844,0.0494759556104,0.0485137840752,0.0531884875847,27139.0,1305.0,0.0480857806109
12918.0,11206.0,12077.0,10744.0,11223,456.0,509.0,501.0,558.0,0.0352995819786,0.042146228368,0.0466306775875,0.0497193263833,46962.0,2024.0,0.0430986755249
25990.0,11207.0,24334.0,21899.0,20451,1048.0,1051.0,1031.0,886.0,0.0403232012312,0.0431905975179,0.0470797753322,0.0433230648868,92674.0,4016.0,0.0433347001316
21146.0,11208.0,18855.0,18046.0,17603,850.0,901.0,793.0,823.0,0.0401967275135,0.0477857332273,0.0439432561232,0.0467533943078,75650.0,3367.0,0.0445076007931
11891.0,11209.0,12522.0,11506.0,10383,548.0,583.0,509.0,473.0,0.0460852745774,0.0465580578182,0.0442377889797,0.045555234518,46302.0,2113.0,0.0456351777461
14681.0,11210.0,14965.0,11910.0,10993,621.0,664.0,609.0,605.0,0.0422995708739,0.0443701971266,0.0511335012594,0.0550350222869,52549.0,2499.0,0.0475556147596
17332.0,11211.0,17837.0,13093.0,11918,941.0,830.0,583.0,676.0,0.0542926378952,0.0465324886472,0.0445276101734,0.0567209263299,60180.0,3030.0,0.0503489531406
17248.0,11212.0,17179.0,16370.0,15811,780.0,865.0,639.0,759.0,0.0452226345083,0.0503521741661,0.0390348197923,0.0480045537917,66608.0,3043.0,0.0456852029786
19319.0,11213.0,19593.0,17645.0,17648,925.0,862.0,703.0,815.0,0.0478803250686,0.0439953044455,0.0398413148201,0.0461808703536,74205.0,3305.0,0.0445387777104
14263.0,11214.0,13803.0,11807.0,11724,784.0,793.0,684.0,666.0,0.0549673981631,0.0574512787075,0.0579317354112,0.0568065506653,51597.0,2927.0,0.0567281043472
13213.0,11215.0,12298.0,11666.0,12048,698.0,622.0,638.0,720.0,0.0528267615227,0.0505773296471,0.0546888393622,0.0597609561753,49225.0,2678.0,0.0544032503809
17054.0,11216.0,19010.0,16834.0,16284,609.0,787.0,740.0,926.0,0.0357100973379,0.0413992635455,0.0439586551028,0.0568656349791,69182.0,3062.0,0.0442600676477
8103.0,11217.0,8305.0,8291.0,8618,483.0,531.0,550.0,514.0,0.0596075527582,0.0639373871162,0.0663369919189,0.0596426084939,33317.0,2078.0,0.0623705615752
14466.0,11218.0,13058.0,11087.0,12905,596.0,539.0,541.0,657.0,0.0412000553021,0.0412773778527,0.048795887075,0.0509104998063,51516.0,2333.0,0.0452869011569
13133.0,11219.0,12715.0,10454.0,10165,476.0,502.0,310.0,351.0,0.0362445747354,0.0394809280378,0.0296537210637,0.0345302508608,46467.0,1639.0,0.0352723438139
14301.0,11220.0,14618.0,13237.0,12538,518.0,518.0,485.0,462.0,0.0362212432697,0.0354357641264,0.0366397219914,0.0368479821343,54694.0,1983.0,0.0362562621128
23794.0,11221.0,22680.0,19605.0,19613,772.0,938.0,921.0,1010.0,0.0324451542406,0.0413580246914,0.0469778117827,0.051496456432,85692.0,3641.0,0.0424893805723
8320.0,11222.0,7724.0,7703.0,8053,450.0,351.0,458.0,556.0,0.0540865384615,0.0454427757639,0.0594573542776,0.0690425928226,31800.0,1815.0,0.0570754716981
10890.0,11223.0,11233.0,10677.0,10786,625.0,608.0,465.0,627.0,0.0573921028466,0.0541262351999,0.0435515594268,0.0581309104395,43586.0,2325.0,0.0533428165007
5159.0,11224.0,4387.0,5735.0,5152,343.0,351.0,417.0,390.0,0.0664857530529,0.0800091178482,0.0727114210985,0.075698757764,20433.0,1501.0,0.0734595996672
18724.0,11225.0,18298.0,16340.0,16996,790.0,839.0,668.0,728.0,0.0421918393506,0.0458520056837,0.0408812729498,0.0428336079077,70358.0,3025.0,0.0429944000682
33910.0,11226.0,33655.0,27620.0,28567,1487.0,1569.0,1224.0,1425.0,0.0438513712769,0.0466201158817,0.0443157132513,0.0498827318234,123752.0,5705.0,0.0461002650462
5552.0,11228.0,5335.0,5061.0,4614,248.0,232.0,195.0,182.0,0.0446685878963,0.0434864104967,0.0385299347955,0.0394451668834,20562.0,857.0,0.041678825017
14074.0,11229.0,12911.0,11588.0,10807,779.0,709.0,617.0,560.0,0.0553502913173,0.0549144140655,0.0532447359337,0.0518182659387,49380.0,2665.0,0.053969218307
17247.0,11230.0,17250.0,15585.0,14693,801.0,661.0,620.0,645.0,0.0464428596278,0.0383188405797,0.0397818415143,0.0438984550466,64775.0,2727.0,0.0420995754535
6430.0,11231.0,6558.0,6068.0,6264,451.0,360.0,354.0,470.0,0.0701399688958,0.0548947849954,0.0583388266315,0.0750319284802,25320.0,1635.0,0.0645734597156
6255.0,11232.0,6531.0,5645.0,5398,182.0,209.0,189.0,186.0,0.0290967226219,0.0320012249273,0.0334809565988,0.0344572063727,23829.0,766.0,0.0321457048135
21599.0,11233.0,20464.0,16876.0,17561,914.0,944.0,802.0,849.0,0.0423167739247,0.0461297888976,0.0475231097416,0.0483457661864,76500.0,3509.0,0.0458692810458
14463.0,11234.0,13986.0,13388.0,12880,735.0,820.0,723.0,696.0,0.0508193320888,0.0586300586301,0.0540035853003,0.0540372670807,54717.0,2974.0,0.0543523950509
15515.0,11235.0,15223.0,14719.0,14596,926.0,921.0,962.0,1040.0,0.0596841766033,0.0605005583656,0.0653577009308,0.0712523979172,60053.0,3849.0,0.0640933841773
12733.0,11236.0,12990.0,11768.0,11535,844.0,1219.0,845.0,718.0,0.0662844577083,0.0938414164742,0.0718048946295,0.0622453402687,49026.0,3626.0,0.0739607555175
14868.0,11237.0,13925.0,12141.0,11037,519.0,505.0,485.0,426.0,0.0349071832123,0.0362657091562,0.0399472860555,0.0385974449579,51971.0,1935.0,0.0372323026303
14094.0,11238.0,14313.0,13528.0,14050,642.0,840.0,734.0,757.0,0.0455512984249,0.0586879060994,0.0542578356002,0.0538790035587,55985.0,2973.0,0.0531035098687
579.0,11239.0,688.0,601.0,834,50.0,33.0,39.0,85.0,0.0863557858377,0.0479651162791,0.0648918469218,0.101918465228,2702.0,207.0,0.0766099185788
8607.0,11354.0,7939.0,7247.0,7560,249.0,321.0,374.0,385.0,0.0289299407459,0.0404333039426,0.0516075617497,0.0509259259259,31353.0,1329.0,0.0423882882021
10633.0,11355.0,9117.0,8771.0,8929,326.0,374.0,450.0,475.0,0.0306592683156,0.0410222660963,0.0513054383765,0.0531974465226,37450.0,1625.0,0.043391188251
4268.0,11356.0,4897.0,3916.0,3990,184.0,156.0,154.0,163.0,0.0431115276476,0.0318562385134,0.0393258426966,0.0408521303258,17071.0,657.0,0.0384863218323
6273.0,11357.0,6746.0,6072.0,5539,244.0,298.0,349.0,301.0,0.0388968595568,0.0441743255262,0.0574769433465,0.0543419389782,24630.0,1192.0,0.0483962647178
7440.0,11358.0,6400.0,6159.0,5134,286.0,291.0,272.0,289.0,0.0384408602151,0.04546875,0.0441630134762,0.0562913907285,25133.0,1138.0,0.0452791151076
2232.0,11360.0,1945.0,1651.0,1588,140.0,127.0,122.0,105.0,0.0627240143369,0.0652956298201,0.0738946093277,0.066120906801,7416.0,494.0,0.0666127292341
5528.0,11361.0,4915.0,4551.0,4059,220.0,306.0,304.0,281.0,0.0397973950796,0.0622583926755,0.0667985058229,0.0692288741069,19053.0,1111.0,0.0583110271348
2529.0,11362.0,2776.0,2822.0,2656,155.0,124.0,138.0,137.0,0.0612890470542,0.0446685878963,0.0489014883062,0.0515813253012,10783.0,554.0,0.0513771677641
1854.0,11363.0,1701.0,1741.0,1425,71.0,69.0,53.0,43.0,0.0382955771305,0.0405643738977,0.0304422745549,0.0301754385965,6721.0,236.0,0.0351138223479
5035.0,11364.0,4716.0,4536.0,3958,198.0,211.0,196.0,246.0,0.0393247269116,0.0447413061917,0.0432098765432,0.0621526023244,18245.0,851.0,0.0466429158674
5932.0,11365.0,4857.0,4887.0,4461,216.0,188.0,208.0,188.0,0.0364126770061,0.0387070207947,0.0425618989155,0.0421430172607,20137.0,800.0,0.0397278641307
2861.0,11366.0,2716.0,2985.0,2322,92.0,88.0,108.0,78.0,0.0321565886054,0.0324005891016,0.0361809045226,0.0335917312661,10884.0,366.0,0.0336273428886
8433.0,11367.0,6772.0,6344.0,5286,356.0,315.0,289.0,282.0,0.0422151073165,0.0465150620201,0.0455548549811,0.0533484676504,26835.0,1242.0,0.0462828395752
13078.0,11368.0,12634.0,11673.0,10749,337.0,423.0,498.0,454.0,0.0257684661263,0.0334810827925,0.0426625546132,0.0422364871151,48134.0,1712.0,0.0355673744131
6756.0,11369.0,6019.0,5648.0,5107,208.0,233.0,182.0,214.0,0.0307874481942,0.0387107492939,0.032223796034,0.0419032700215,23530.0,837.0,0.0355716107097
3422.0,11370.0,3523.0,3465.0,3195,108.0,137.0,119.0,115.0,0.031560490941,0.03888731195,0.0343434343434,0.0359937402191,13605.0,479.0,0.0352076442484
44.0,11371.0,82.0,19.0,94,0.0,0.0,0.0,0.0,0.0,0.0,0.0,0.0,239.0,0.0,0.0
9297.0,11372.0,8938.0,8900.0,8265,418.0,453.0,425.0,362.0,0.0449607400237,0.0506824793019,0.0477528089888,0.0437991530551,35400.0,1658.0,0.0468361581921
11736.0,11373.0,10774.0,11044.0,9384,378.0,417.0,422.0,388.0,0.0322085889571,0.038704288101,0.0382107931909,0.041346973572,42938.0,1605.0,0.037379477386
6044.0,11374.0,5972.0,5902.0,6140,286.0,319.0,300.0,293.0,0.047319655857,0.0534159410583,0.0508302270417,0.0477198697068,24058.0,1198.0,0.0497963255466
11991.0,11375.0,9599.0,9266.0,8875,586.0,568.0,633.0,546.0,0.0488699858227,0.0591728305032,0.0683142672135,0.0615211267606,39731.0,2333.0,0.0587198912688
13539.0,11377.0,12564.0,12183.0,10434,451.0,444.0,416.0,410.0,0.0333111751237,0.0353390639924,0.0341459410654,0.0392946137627,48720.0,1721.0,0.0353243021346
7550.0,11378.0,7559.0,6952.0,6416,235.0,268.0,240.0,260.0,0.0311258278146,0.0354544251885,0.0345224395857,0.0405236907731,28477.0,1003.0,0.0352214067493
6425.0,11379.0,5930.0,5627.0,5307,224.0,230.0,198.0,181.0,0.0348638132296,0.0387858347386,0.0351874888928,0.0341058978707,23289.0,833.0,0.0357679591223
19053.0,11385.0,17807.0,16753.0,15985,692.0,732.0,915.0,709.0,0.0363197396735,0.0411074296625,0.0546170835074,0.0443540819518,69598.0,3048.0,0.043794361907
3793.0,11411.0,3407.0,3348.0,2749,259.0,225.0,199.0,195.0,0.068283680464,0.066040504843,0.0594384707288,0.0709348854129,13297.0,878.0,0.0660299315635
7008.0,11412.0,7026.0,6777.0,6286,554.0,520.0,477.0,462.0,0.0790525114155,0.0740108169656,0.070385126162,0.0734966592428,27097.0,2013.0,0.0742886666421
8130.0,11413.0,7373.0,6860.0,5703,449.0,352.0,367.0,331.0,0.0552275522755,0.0477417604774,0.0534985422741,0.0580396282658,28066.0,1499.0,0.0534098197107
4663.0,11414.0,4477.0,4917.0,4896,198.0,225.0,269.0,230.0,0.042461934377,0.0502568684387,0.0547081553793,0.046977124183,18953.0,922.0,0.048646652245
3664.0,11415.0,3626.0,3632.0,3061,170.0,188.0,207.0,230.0,0.0463973799127,0.0518477661335,0.0569933920705,0.0751388435152,13983.0,795.0,0.0568547521991
4902.0,11416.0,4679.0,4139.0,4205,162.0,151.0,167.0,190.0,0.0330477356181,0.03227185296,0.0403479101232,0.0451843043995,17925.0,670.0,0.0373779637378
6443.0,11417.0,6025.0,5078.0,5015,192.0,257.0,210.0,217.0,0.0297997827099,0.0426556016598,0.0413548641197,0.0432701894317,22561.0,876.0,0.0388280661318
8143.0,11418.0,7406.0,6342.0,5580,259.0,296.0,281.0,267.0,0.0318064595358,0.0399675938428,0.0443077893409,0.0478494623656,27471.0,1103.0,0.0401514324196
9544.0,11419.0,8566.0,7441.0,8599,391.0,318.0,262.0,342.0,0.0409681475272,0.0371235115573,0.0352103211934,0.0397720665194,34150.0,1313.0,0.0384480234261
9023.0,11420.0,8734.0,7593.0,6824,404.0,404.0,370.0,385.0,0.0447744652555,0.0462560109915,0.0487290925853,0.0564185228605,32174.0,1563.0,0.0485795984335
7350.0,11421.0,6660.0,6317.0,5757,220.0,232.0,224.0,219.0,0.0299319727891,0.0348348348348,0.0354598701915,0.0380406461699,26084.0,895.0,0.0343122220518
5487.0,11422.0,5069.0,4707.0,3868,318.0,276.0,327.0,203.0,0.0579551667578,0.0544486091931,0.0694710006373,0.0524819027921,19131.0,1124.0,0.0587528095761
6503.0,11423.0,6524.0,5365.0,4690,424.0,353.0,297.0,284.0,0.0652006766108,0.0541079092581,0.0553588070829,0.0605543710021,23082.0,1358.0,0.0588337232476
3015.0,11426.0,3198.0,2958.0,2419,193.0,152.0,133.0,181.0,0.0640132669983,0.0475297060663,0.0449628127113,0.0748243075651,11590.0,659.0,0.0568593615186
3566.0,11427.0,3378.0,3502.0,3198,192.0,172.0,197.0,209.0,0.0538418395962,0.0509177027827,0.0562535693889,0.0653533458412,13644.0,770.0,0.0564350630314
3389.0,11428.0,3046.0,3208.0,2726,230.0,229.0,236.0,228.0,0.0678666273237,0.075180564675,0.073566084788,0.0836390315481,12369.0,923.0,0.0746220389684
4764.0,11429.0,4210.0,3761.0,3489,370.0,332.0,267.0,309.0,0.0776658270361,0.0788598574822,0.0709917575113,0.0885640584695,16224.0,1278.0,0.0787721893491
865.0,11430.0,458.0,482.0,552,2.0,7.0,8.0,4.0,0.00231213872832,0.0152838427948,0.0165975103734,0.00724637681159,2357.0,21.0,0.00890963088672
10519.0,11432.0,10034.0,9920.0,9175,625.0,650.0,522.0,518.0,0.0594162943246,0.0647797488539,0.0526209677419,0.0564577656676,39648.0,2315.0,0.0583888216303
8589.0,11433.0,7901.0,6986.0,6609,764.0,788.0,645.0,690.0,0.0889509838165,0.0997342108594,0.0923275121672,0.1044030867,30085.0,2887.0,0.0959614425794
10351.0,11434.0,10625.0,9466.0,8776,726.0,808.0,710.0,730.0,0.0701381509033,0.0760470588235,0.0750052820621,0.0831814038286,39218.0,2974.0,0.075832525881
10064.0,11435.0,9514.0,7896.0,7809,669.0,655.0,545.0,569.0,0.0664745627981,0.0688459112886,0.069022289767,0.0728646433602,35283.0,2438.0,0.069098432673
4147.0,11436.0,3934.0,3066.0,3188,381.0,376.0,263.0,291.0,0.0918736435978,0.0955770208439,0.0857795172864,0.0912797992472,14335.0,1311.0,0.091454482037
11039.0,11691.0,10636.0,9918.0,8474,961.0,988.0,977.0,888.0,0.0870549868648,0.092892064686,0.098507763662,0.104791125797,40067.0,3814.0,0.095190555819
3305.0,11692.0,3064.0,3034.0,2908,288.0,368.0,356.0,384.0,0.0871406959153,0.120104438642,0.117336849044,0.132049518569,12311.0,1396.0,0.113394525221
1999.0,11693.0,2056.0,2355.0,2565,128.0,148.0,278.0,266.0,0.064032016008,0.0719844357977,0.11804670913,0.103703703704,8975.0,820.0,0.091364902507
3921.0,11694.0,3486.0,4483.0,5788,225.0,204.0,311.0,355.0,0.0573833205815,0.0585197934596,0.0693731875976,0.0613337940567,17678.0,1095.0,0.0619413960855
192.0,11697.0,86.0,414.0,148,8.0,3.0,1.0,18.0,0.0416666666667,0.0348837209302,0.0024154589372,0.121621621622,840.0,30.0,0.0357142857143
0.0,10112.0,0.0,1.0,26,0.0,0.0,0.0,0.0,,,0.0,0.0,27.0,0.0,0.0
0.0,10103.0,0.0,0.0,33,0.0,0.0,0.0,0.0,,,,0.0,33.0,0.0,0.0
0.0,10111.0,0.0,0.0,22,0.0,0.0,0.0,0.0,,,,0.0,22.0,0.0,0.0
0.0,10153.0,0.0,0.0,17,0.0,0.0,0.0,0.0,,,,0.0,17.0,0.0,0.0
